{"cameraMode":{"drawMode":0,"name":"Shaded","section":"Shading Mode"},"sceneLighting":false,"audioPlay":false,"sceneViewState":{"showFog":true,"showMaterialUpdate":false,"showSkybox":false,"showFlares":true,"showImageEffects":true,"showParticleSystems":true},"in2DMode":false,"pivot":{"x":-2.5899999141693117,"y":0.0,"z":1.6699999570846558},"rotation":{"x":-0.45987775921821597,"y":0.011461643502116204,"z":-0.00593573646619916,"w":-0.8878915309906006},"size":2.5720953941345217,"orthographic":true}