{"cameraMode":{"drawMode":0,"name":"Shaded","section":"Shading Mode"},"sceneLighting":true,"audioPlay":false,"sceneViewState":{"showFog":true,"showMaterialUpdate":false,"showSkybox":true,"showFlares":true,"showImageEffects":true,"showParticleSystems":true},"in2DMode":false,"pivot":{"x":-0.6016716957092285,"y":-0.0014972686767578126,"z":2.7622640132904054},"rotation":{"x":0.7247687578201294,"y":-0.01343168318271637,"z":0.014134776778519154,"w":0.6887173056602478},"size":8.85323715209961,"orthographic":false}