{"cameraMode":{"drawMode":0,"name":"Shaded","section":"Shading Mode"},"sceneLighting":false,"audioPlay":false,"sceneViewState":{"showFog":true,"showMaterialUpdate":false,"showSkybox":false,"showFlares":true,"showImageEffects":true,"showParticleSystems":true},"in2DMode":false,"pivot":{"x":-0.000007134811312425882,"y":0.00001938980676641222,"z":-0.000008342911314684898},"rotation":{"x":0.0027612820267677309,"y":0.9797148108482361,"z":-0.013530324213206768,"w":0.19992530345916749},"size":0.00005715767838410102,"orthographic":false}